filename,true_class,true_class_idx,pred_class,pred_class_idx,is_correct,confidence,tumor_size_category,gt_tumor_area_pct,pred_tumor_area_pct,unet_dice,unet_iou,unet_precision,unet_recall,unet_specificity,unet_accuracy,cam_mean_activation,cam_activation_inside_gt_pct,cam_activation_inside_unet_pct,cam_coverage_t25,cam_precision_t25,cam_iou_t25,cam_dice_t25,cam_coverage_t50,cam_precision_t50,cam_iou_t50,cam_dice_t50,cam_coverage_t75,cam_precision_t75,cam_iou_t75,cam_dice_t75,cam_unet_coverage_t50,cam_unet_precision_t50,cam_unet_iou_t50,cam_unet_dice_t50,cls_img_path,seg_msk_path
brisc2025_test_00004_gl_ax_t1.jpg,glioma,0,meningioma,1,False,0.5046629309654236,Medium,1.81884765625,0.860595703125,0.5797266514806378,0.4081796311146752,0.9024822695035462,0.42701342281879195,0.9991452194454805,0.988739013671875,0.20116019248962402,1.4292182922363281,0.7461516857147217,0.14345637583892618,0.009040444091990485,0.008577447833065811,0.01700900184015517,0.0,0.0,0.0,0.0,0.0,0.0,0.0,0.0,0.0,0.0,0.0,0.0,C:\Users\vaidy\OneDrive\Desktop\Programming\COMPUTER VISION\TumorDetetction\brisc2025\classification_task\test\glioma\brisc2025_test_00004_gl_ax_t1.jpg,C:\Users\vaidy\OneDrive\Desktop\Programming\COMPUTER VISION\TumorDetetction\brisc2025\segmentation_task\test\masks\brisc2025_test_00004_gl_ax_t1.png
brisc2025_test_00144_gl_co_t1.jpg,glioma,0,meningioma,1,False,0.9893982410430908,Small,0.19683837890625,2.06146240234375,0.15675675675675677,0.08504398826979472,0.08586232420429311,0.8992248062015504,0.9811182289357409,0.98095703125,0.3348044455051422,0.5025109052658081,4.304509162902832,1.0,0.003800265134776845,0.003800265134776845,0.007571755590773024,1.0,0.008260229237369533,0.008260229237369533,0.01638511367966468,1.0,0.021920135938827526,0.021920135938827526,0.04289990023279015,0.923760177646188,0.0799129154126913,0.07938931297709924,0.1471004243281471,C:\Users\vaidy\OneDrive\Desktop\Programming\COMPUTER VISION\TumorDetetction\brisc2025\classification_task\test\glioma\brisc2025_test_00144_gl_co_t1.jpg,C:\Users\vaidy\OneDrive\Desktop\Programming\COMPUTER VISION\TumorDetetction\brisc2025\segmentation_task\test\masks\brisc2025_test_00144_gl_co_t1.png
brisc2025_test_00149_gl_co_t1.jpg,glioma,0,meningioma,1,False,0.5300411581993103,Small,0.67596435546875,0.6134033203125,0.8757396449704142,0.7789473684210526,0.9203980099502488,0.835214446952596,0.999508395680027,0.9983978271484375,0.31645387411117554,0.9641386270523071,0.8448059558868408,1.0,0.013495399987814537,0.013495399987814537,0.026631398599296644,0.28893905191873587,0.009829519275072954,0.009597360725800405,0.019012253991830673,0.0,0.0,0.0,0.0,0.208955223880597,0.006450622024266626,0.006296851574212893,0.012514898688915376,C:\Users\vaidy\OneDrive\Desktop\Programming\COMPUTER VISION\TumorDetetction\brisc2025\classification_task\test\glioma\brisc2025_test_00149_gl_co_t1.jpg,C:\Users\vaidy\OneDrive\Desktop\Programming\COMPUTER VISION\TumorDetetction\brisc2025\segmentation_task\test\masks\brisc2025_test_00149_gl_co_t1.png
brisc2025_test_00150_gl_co_t1.jpg,glioma,0,meningioma,1,False,0.6638792753219604,Medium,0.92620849609375,1.1016845703125,0.7900677200902935,0.6529850746268657,0.7271468144044322,0.8649093904448105,0.996965916616612,0.9957427978515625,0.3320299983024597,2.16593337059021,2.6806652545928955,1.0,0.016902898833226588,0.016902898833226588,0.033243879730543845,1.0,0.045056413301662705,0.045056413301662705,0.0862277150365793,0.6293245469522241,0.07547915431732859,0.07226636398032539,0.13479181369089627,1.0,0.053592636579572445,0.053592636579572445,0.10173312667324222,C:\Users\vaidy\OneDrive\Desktop\Programming\COMPUTER VISION\TumorDetetction\brisc2025\classification_task\test\glioma\brisc2025_test_00150_gl_co_t1.jpg,C:\Users\vaidy\OneDrive\Desktop\Programming\COMPUTER VISION\TumorDetetction\brisc2025\segmentation_task\test\masks\brisc2025_test_00150_gl_co_t1.png
brisc2025_test_00164_gl_co_t1.jpg,glioma,0,meningioma,1,False,0.8204413056373596,Large,4.6051025390625,3.656005859375,0.7783524196527521,0.6371333534925915,0.8793823038397329,0.6981444665341285,0.9953773313285774,0.981689453125,0.35295096039772034,4.347898960113525,3.139925479888916,0.9029158383035123,0.06473914282999145,0.06429161259879675,0.12081578363999114,0.05765407554671968,0.012715580239695995,0.01052758954501452,0.020835828044545562,0.0,0.0,0.0,0.0,0.004173622704507512,0.0007307804735457469,0.0006222775357809583,0.0012437810945273632,C:\Users\vaidy\OneDrive\Desktop\Programming\COMPUTER VISION\TumorDetetction\brisc2025\classification_task\test\glioma\brisc2025_test_00164_gl_co_t1.jpg,C:\Users\vaidy\OneDrive\Desktop\Programming\COMPUTER VISION\TumorDetetction\brisc2025\segmentation_task\test\masks\brisc2025_test_00164_gl_co_t1.png
brisc2025_test_00231_gl_sa_t1.jpg,glioma,0,meningioma,1,False,0.5478780269622803,Large,2.14080810546875,2.06298828125,0.915426497277677,0.8440428380187416,0.9326923076923077,0.8987883107626514,0.9985810737062043,0.9964447021484375,0.313766747713089,3.7768971920013428,3.712939500808716,0.9914468995010691,0.04099616858237548,0.040981674621413,0.07873659185464014,0.5573770491803278,0.0563969421606808,0.053979429833643955,0.10242975964372257,0.23093371347113328,0.06674907292954264,0.05460980953986179,0.10356400831069203,0.5865384615384616,0.05719024953122746,0.054974003466204506,0.10421868839532133,C:\Users\vaidy\OneDrive\Desktop\Programming\COMPUTER VISION\TumorDetetction\brisc2025\classification_task\test\glioma\brisc2025_test_00231_gl_sa_t1.jpg,C:\Users\vaidy\OneDrive\Desktop\Programming\COMPUTER VISION\TumorDetetction\brisc2025\segmentation_task\test\masks\brisc2025_test_00231_gl_sa_t1.png
brisc2025_test_00233_gl_sa_t1.jpg,glioma,0,meningioma,1,False,0.9570819735527039,Medium,1.30157470703125,1.26495361328125,0.9262782401902497,0.8626799557032115,0.9396863691194209,0.9132473622508792,0.9992269993661395,0.99810791015625,0.229441836476326,4.766169548034668,4.618288040161133,1.0,0.041053036865915875,0.041053036865915875,0.07886829087883131,1.0,0.0951796474001339,0.0951796474001339,0.17381558838512481,0.9718640093786636,0.2977729885057471,0.2952279202279202,0.45587022271102556,1.0,0.09250167373354162,0.09250167373354162,0.16933918905116943,C:\Users\vaidy\OneDrive\Desktop\Programming\COMPUTER VISION\TumorDetetction\brisc2025\classification_task\test\glioma\brisc2025_test_00233_gl_sa_t1.jpg,C:\Users\vaidy\OneDrive\Desktop\Programming\COMPUTER VISION\TumorDetetction\brisc2025\segmentation_task\test\masks\brisc2025_test_00233_gl_sa_t1.png
brisc2025_test_00234_gl_sa_t1.jpg,glioma,0,meningioma,1,False,0.8012929558753967,Medium,1.16729736328125,1.1993408203125,0.9078014184397163,0.8311688311688312,0.8956743002544529,0.9202614379084967,0.9987340013277547,0.9978179931640625,0.2793146073818207,3.7458229064941406,3.8301262855529785,1.0,0.029104051740536426,0.029104051740536426,0.056561922365988906,1.0,0.06272548376516891,0.06272548376516891,0.11804644703340791,1.0,0.14842840512223515,0.14842840512223515,0.2584896097313735,1.0,0.06444735979009511,0.06444735979009511,0.12109074102603605,C:\Users\vaidy\OneDrive\Desktop\Programming\COMPUTER VISION\TumorDetetction\brisc2025\classification_task\test\glioma\brisc2025_test_00234_gl_sa_t1.jpg,C:\Users\vaidy\OneDrive\Desktop\Programming\COMPUTER VISION\TumorDetetction\brisc2025\segmentation_task\test\masks\brisc2025_test_00234_gl_sa_t1.png
brisc2025_test_00235_gl_sa_t1.jpg,glioma,0,meningioma,1,False,0.9861347079277039,Medium,1.0223388671875,0.6439208984375,0.7655677655677655,0.6201780415430267,0.990521327014218,0.6238805970149254,0.9999383344124811,0.99609375,0.3732866942882538,1.8728541135787964,1.161353349685669,1.0,0.016678283381459724,0.016678283381459724,0.03280936291072915,1.0,0.028102848034897866,0.028102848034897866,0.05466933213659173,0.208955223880597,0.020196191575302943,0.01876172607879925,0.03683241252302026,1.0,0.017700599807055073,0.017700599807055073,0.0347854758273915,C:\Users\vaidy\OneDrive\Desktop\Programming\COMPUTER VISION\TumorDetetction\brisc2025\classification_task\test\glioma\brisc2025_test_00235_gl_sa_t1.jpg,C:\Users\vaidy\OneDrive\Desktop\Programming\COMPUTER VISION\TumorDetetction\brisc2025\segmentation_task\test\masks\brisc2025_test_00235_gl_sa_t1.png
brisc2025_test_00244_gl_sa_t1.jpg,glioma,0,meningioma,1,False,0.7156830430030823,Large,3.42254638671875,3.10516357421875,0.8377746610565685,0.7208366854384554,0.8805896805896806,0.7989300044583147,0.9961607128750415,0.989410400390625,0.2869555652141571,10.323616027832031,9.53930377960205,1.0,0.08467665823549397,0.08467665823549397,0.15613253515244327,1.0,0.1790389527458493,0.1790389527458493,0.30370320222056735,0.8956754346856888,0.463330258302583,0.43960612691466083,0.6107311141510868,1.0,0.1624361430395913,0.1624361430395913,0.279475382819474,C:\Users\vaidy\OneDrive\Desktop\Programming\COMPUTER VISION\TumorDetetction\brisc2025\classification_task\test\glioma\brisc2025_test_00244_gl_sa_t1.jpg,C:\Users\vaidy\OneDrive\Desktop\Programming\COMPUTER VISION\TumorDetetction\brisc2025\segmentation_task\test\masks\brisc2025_test_00244_gl_sa_t1.png
brisc2025_test_00245_gl_sa_t1.jpg,glioma,0,meningioma,1,False,0.6585237979888916,Large,3.9337158203125,3.78570556640625,0.9136192923502668,0.8409752547307132,0.9314792422410318,0.8964313421256789,0.9972997871596938,0.9933319091796875,0.35541507601737976,8.992897987365723,8.710932731628418,1.0,0.07640329559599313,0.07640329559599313,0.1419603524229075,1.0,0.14059006380542075,0.14059006380542075,0.246521635190055,0.8580294802172227,0.3063287633291788,0.291551337814683,0.45147464026941525,1.0,0.13530021268473577,0.13530021268473577,0.2383514266500144,C:\Users\vaidy\OneDrive\Desktop\Programming\COMPUTER VISION\TumorDetetction\brisc2025\classification_task\test\glioma\brisc2025_test_00245_gl_sa_t1.jpg,C:\Users\vaidy\OneDrive\Desktop\Programming\COMPUTER VISION\TumorDetetction\brisc2025\segmentation_task\test\masks\brisc2025_test_00245_gl_sa_t1.png
brisc2025_test_00249_gl_sa_t1.jpg,glioma,0,meningioma,1,False,0.9508028030395508,Medium,0.8453369140625,0.87432861328125,0.8997338065661047,0.817741935483871,0.8848167539267016,0.9151624548736462,0.9989843341232957,0.9982757568359375,0.3084833025932312,2.4691338539123535,2.5493528842926025,1.0,0.015627644569816645,0.015627644569816645,0.03077435840462171,1.0,0.04107050189042924,0.04107050189042924,0.07890051983194474,0.9711191335740073,0.1026130078199504,0.10230081764594029,0.18561324823184405,1.0,0.04247905700941508,0.04247905700941508,0.0814962309771014,C:\Users\vaidy\OneDrive\Desktop\Programming\COMPUTER VISION\TumorDetetction\brisc2025\classification_task\test\glioma\brisc2025_test_00249_gl_sa_t1.jpg,C:\Users\vaidy\OneDrive\Desktop\Programming\COMPUTER VISION\TumorDetetction\brisc2025\segmentation_task\test\masks\brisc2025_test_00249_gl_sa_t1.png
brisc2025_test_00281_me_ax_t1.jpg,meningioma,1,glioma,0,False,0.9818993806838989,Large,2.83660888671875,1.09100341796875,0.09324009324009325,0.0488997555012225,0.16783216783216784,0.064550833781603,0.9906559668326084,0.964385986328125,0.410820871591568,6.111969947814941,2.2813541889190674,1.0,0.04126434485361035,0.04126434485361035,0.0792581539117459,1.0,0.08145648935237929,0.08145648935237929,0.15064219440055104,0.9311457772996234,0.19299810458245067,0.19028251071781907,0.31972663465090506,1.0,0.03132941898168434,0.03132941898168434,0.06075540638144199,C:\Users\vaidy\OneDrive\Desktop\Programming\COMPUTER VISION\TumorDetetction\brisc2025\classification_task\test\meningioma\brisc2025_test_00281_me_ax_t1.jpg,C:\Users\vaidy\OneDrive\Desktop\Programming\COMPUTER VISION\TumorDetetction\brisc2025\segmentation_task\test\masks\brisc2025_test_00281_me_ax_t1.png
brisc2025_test_00363_me_ax_t1.jpg,meningioma,1,glioma,0,False,0.9608278870582581,Medium,0.8880615234375,0.08392333984375,0.1726844583987441,0.09450171821305842,1.0,0.09450171821305842,1.0,0.9919586181640625,0.3824838697910309,0.8282583951950073,0.07601378858089447,0.9621993127147767,0.012515644555694618,0.012509493812268239,0.024709879539337246,0.00859106529209622,0.00025177501384762577,0.00024466627520062633,0.0004892128565138692,0.0,0.0,0.0,0.0,0.0,0.0,0.0,0.0,C:\Users\vaidy\OneDrive\Desktop\Programming\COMPUTER VISION\TumorDetetction\brisc2025\classification_task\test\meningioma\brisc2025_test_00363_me_ax_t1.jpg,C:\Users\vaidy\OneDrive\Desktop\Programming\COMPUTER VISION\TumorDetetction\brisc2025\segmentation_task\test\masks\brisc2025_test_00363_me_ax_t1.png
brisc2025_test_00365_me_ax_t1.jpg,meningioma,1,pituitary,2,False,0.9022731184959412,Medium,0.7720947265625,0.83465576171875,0.8907882241215574,0.803082191780822,0.8574040219378428,0.9268774703557312,0.9988005535906505,0.9982452392578125,0.23876500129699707,2.629277229309082,2.820845365524292,1.0,0.02277227722772277,0.02277227722772277,0.044530493707647625,1.0,0.047311827956989246,0.047311827956989246,0.09034907597535935,0.7766798418972332,0.09622918707149854,0.09363831308077197,0.17124183006535948,1.0,0.051145395044413275,0.051145395044413275,0.09731364525885074,C:\Users\vaidy\OneDrive\Desktop\Programming\COMPUTER VISION\TumorDetetction\brisc2025\classification_task\test\meningioma\brisc2025_test_00365_me_ax_t1.jpg,C:\Users\vaidy\OneDrive\Desktop\Programming\COMPUTER VISION\TumorDetetction\brisc2025\segmentation_task\test\masks\brisc2025_test_00365_me_ax_t1.png
brisc2025_test_00412_me_co_t1.jpg,meningioma,1,no_tumor,3,False,0.5517788529396057,Medium,1.61285400390625,1.104736328125,0.7815833801235261,0.6414746543778802,0.9613259668508287,0.6584673604541155,0.9995657500891764,0.9940643310546875,0.3561839163303375,0.003747211769223213,0.0027370837051421404,0.0,0.0,0.0,0.0,0.0,0.0,0.0,0.0,0.0,0.0,0.0,0.0,0.0,0.0,0.0,0.0,C:\Users\vaidy\OneDrive\Desktop\Programming\COMPUTER VISION\TumorDetetction\brisc2025\classification_task\test\meningioma\brisc2025_test_00412_me_co_t1.jpg,C:\Users\vaidy\OneDrive\Desktop\Programming\COMPUTER VISION\TumorDetetction\brisc2025\segmentation_task\test\masks\brisc2025_test_00412_me_co_t1.png
brisc2025_test_00418_me_co_t1.jpg,meningioma,1,glioma,0,False,0.8544818162918091,Large,2.90985107421875,0.445556640625,0.0,0.0,0.0,0.0,0.9954108975467161,0.9664459228515625,0.24032807350158691,1.1064640283584595,1.3337383270263672,0.08180388044048244,0.00587792012057272,0.005514121098582588,0.01096776461489788,0.0,0.0,0.0,0.0,0.0,0.0,0.0,0.0,1.0,0.03180481429038231,0.03180481429038231,0.06164889686477357,C:\Users\vaidy\OneDrive\Desktop\Programming\COMPUTER VISION\TumorDetetction\brisc2025\classification_task\test\meningioma\brisc2025_test_00418_me_co_t1.jpg,C:\Users\vaidy\OneDrive\Desktop\Programming\COMPUTER VISION\TumorDetetction\brisc2025\segmentation_task\test\masks\brisc2025_test_00418_me_co_t1.png
brisc2025_test_00533_me_sa_t1.jpg,meningioma,1,glioma,0,False,0.824993908405304,Medium,1.35955810546875,1.2420654296875,0.9255131964809384,0.861353711790393,0.9692874692874693,0.8855218855218855,0.9996132724882049,0.9980621337890625,0.2020493745803833,4.763448715209961,4.354532241821289,1.0,0.05121278307851477,0.05121278307851477,0.09743561703756357,0.9988776655443322,0.10358472998137802,0.10357267543349238,0.1877043129811241,0.3378226711560045,0.0941213258286429,0.07946145723336853,0.14722426021032037,1.0,0.0947392923649907,0.0947392923649907,0.17308101211992347,C:\Users\vaidy\OneDrive\Desktop\Programming\COMPUTER VISION\TumorDetetction\brisc2025\classification_task\test\meningioma\brisc2025_test_00533_me_sa_t1.jpg,C:\Users\vaidy\OneDrive\Desktop\Programming\COMPUTER VISION\TumorDetetction\brisc2025\segmentation_task\test\masks\brisc2025_test_00533_me_sa_t1.png
brisc2025_test_00722_pi_ax_t1.jpg,pituitary,2,meningioma,1,False,0.9987094402313232,Medium,1.26800537109375,0.6103515625,0.5393988627132412,0.3692992213570634,0.83,0.39951865222623345,0.998949076578317,0.9913482666015625,0.3142644166946411,3.6988143920898438,1.7755849361419678,1.0,0.025757059169947,0.025757059169947,0.050220583791623856,1.0,0.05694120871591065,0.05694120871591065,0.10774716369529984,1.0,0.1760966306420852,0.1760966306420852,0.29945945945945945,1.0,0.027408524050979856,0.027408524050979856,0.0533546752034147,C:\Users\vaidy\OneDrive\Desktop\Programming\COMPUTER VISION\TumorDetetction\brisc2025\classification_task\test\pituitary\brisc2025_test_00722_pi_ax_t1.jpg,C:\Users\vaidy\OneDrive\Desktop\Programming\COMPUTER VISION\TumorDetetction\brisc2025\segmentation_task\test\masks\brisc2025_test_00722_pi_ax_t1.png
brisc2025_test_00805_pi_ax_t1.jpg,pituitary,2,meningioma,1,False,0.9236294627189636,Small,0.42877197265625,0.57525634765625,0.7659574468085106,0.6206896551724138,0.6684350132625995,0.896797153024911,0.9980844379741016,0.997650146484375,0.3081057667732239,1.249062418937683,1.7070415019989014,1.0,0.009001217246460375,0.009001217246460375,0.017841836248769803,1.0,0.019818040764510898,0.019818040764510898,0.038865836791147995,1.0,0.04892913111614139,0.04892913111614139,0.09329349269588313,1.0,0.026588616968756612,0.026588616968756612,0.05179994503984611,C:\Users\vaidy\OneDrive\Desktop\Programming\COMPUTER VISION\TumorDetetction\brisc2025\classification_task\test\pituitary\brisc2025_test_00805_pi_ax_t1.jpg,C:\Users\vaidy\OneDrive\Desktop\Programming\COMPUTER VISION\TumorDetetction\brisc2025\segmentation_task\test\masks\brisc2025_test_00805_pi_ax_t1.png
brisc2025_test_00820_pi_ax_t1.jpg,pituitary,2,glioma,0,False,0.9684962630271912,Small,0.347900390625,0.9002685546875,0.0,0.0,0.0,0.0,0.990965884730814,0.987518310546875,0.3555349111557007,0.2453496903181076,1.2164945602416992,0.5087719298245614,0.002649490658261386,0.0026427302136966327,0.005271529197909566,0.0,0.0,0.0,0.0,0.0,0.0,0.0,0.0,0.38305084745762713,0.012594037336305378,0.012343656125402808,0.02438629619638522,C:\Users\vaidy\OneDrive\Desktop\Programming\COMPUTER VISION\TumorDetetction\brisc2025\classification_task\test\pituitary\brisc2025_test_00820_pi_ax_t1.jpg,C:\Users\vaidy\OneDrive\Desktop\Programming\COMPUTER VISION\TumorDetetction\brisc2025\segmentation_task\test\masks\brisc2025_test_00820_pi_ax_t1.png
brisc2025_test_00826_pi_co_t1.jpg,pituitary,2,meningioma,1,False,0.9954307079315186,Medium,1.104736328125,1.10626220703125,0.8944099378881988,0.8089887640449438,0.8937931034482759,0.8950276243093923,0.9988119484046164,0.9976654052734375,0.3008590340614319,3.3939664363861084,3.3966469764709473,1.0,0.02330222079176054,0.02330222079176054,0.04554318424860036,1.0,0.05830246416492189,0.05830246416492189,0.11018109876731091,1.0,0.17667154709614447,0.17667154709614447,0.3002903359601825,1.0,0.05838299243034305,0.05838299243034305,0.11032488777295898,C:\Users\vaidy\OneDrive\Desktop\Programming\COMPUTER VISION\TumorDetetction\brisc2025\classification_task\test\pituitary\brisc2025_test_00826_pi_co_t1.jpg,C:\Users\vaidy\OneDrive\Desktop\Programming\COMPUTER VISION\TumorDetetction\brisc2025\segmentation_task\test\masks\brisc2025_test_00826_pi_co_t1.png
